词人,诗词数量
和岘,3
王禹,1
苏易简,1
寇准,7
钱惟演,2
陈尧佐,1
潘阆,11
丁谓,2
林逋,4
杨亿,1
陈亚,4
夏竦,2
聂冠卿,1
李遵,2
范仲淹,5
沈邈,2
杨适1,1
柳永,213
张先,165
晏殊,140
滕宗谅,1
张,31
王益,1
石延年,2
关咏,1
刘潜,3
李冠,5
谢绛,3
宋祁,7
贾昌朝,1
尹洙,1
梅尧臣,2
叶清臣,2
吴感,1
文彦博,1
欧阳修,242
荣,1
王琪,13
陈凤仪,1
苏舜钦,1
解,2
韩琦,5
沈唐,7
杜安世,84
赵,4
刘几,4
元绛,2
程师孟,1
陈朴,9
张伯端,27
卢氏,1
刘述,1
赵祯,1
王拱辰,1
蔡襄,1
韩绛,1
李师中,1
蔡挺,1
王益柔,1
韩维,7
曾巩,1
司马光,3
苏氏,6
刘敞,2
王,7
韩缜,1
韩缜姬,1
裴湘,2
阮逸女,1
滕甫,2
王安石,29
吴氏1,1
吴师孟,1
俞紫芝,3
郑獬,3
强至,1
沈注,1
蒲宗孟,1
陈汝羲,1
汪辅之,1
范纯仁,1
张才翁,1
寿涯禅师,1
章,2
徐积,6
沈括,4
范宽之,1
方资,1
王安国,3
孙洙,2
李清臣,1
韦骧,11
圆禅师,1
则禅师,1
陈偕,3
晏几道,260
王观,29
王安礼,3
张舜民,4
曾布,8
魏夫人,14
王仲甫,7
孙浩然,2
王诜,18
陈济翁,3
苏轼,362
郭讵,1
李之仪,96
蔡确,1
许将,2
郑无党,1
陈,4
苏辙,4
陈睦,2
马成,1
李婴,1
王齐愈,8
王齐叟,2
舒氏,1
琴操,2
舒亶,51
范祖禹,5
孔平仲,1
了元,1
太尉夫人,1
郭祥正,1
董,2
丁仙现,1
刘泾,2
黄裳,53
葛胜仲,82
米友仁,19
曾纡,9
秦湛,2
范周,2
吴则礼,39
向子諲,176
刘望之,3
法常,1
陆淞,2
卓世清,1
李结,2
向滈,5
向,38
程大昌,47
范成大,113
游次公,5
赵老,16
赵磻老,2
尤袤,2
谢懋,14
王质,74
张孝祥,224
郭世模,6
黄仁荣,1
许左之,2
黄谈,1
阎苍舒,1
崔敦礼,7
陈造,10
黄定,1
王自中,1
李处全,47
韩淲,197
李廷忠,15
方千里,93
吴泳,37
张景修,2
黄大临,3
黄庭坚,192
贺铸,282
赵仲御,1
仲殊,73
吕本中,27
毕良史,2
沈晦,1
郭章,1
胡世将,1
赵鼎,45
蒋璨,1
李邴,12
张元干,185
邓肃,46
林淳,11
廖行之,41
京镗,43
张震,5
王炎2,52
辛弃疾,629
张炎,302
陈义,4
梅娇,1
杏俏,1
苏小娘,1
张魁,1
张枢密,1
申二官人,1
杨岛仙,1
吴德远,1
连静女,2
楚娘,1
谢福娘,1
张时,1
双渐,1
黄夫人,1
刘使君,1
李氏2,1
朱希真,2
张幼谦,3
罗惜惜,1
萧回,1
春娘,1
张生2,2
郑云娘,1
吕岩,15
海哥,1
何仙姑,1
宋媛,2
吴城小龙女,1
蔡真人,1
懒堂女子,1
巫山神女,9
玉英,1
紫姑,2
清源真君,1
李季萼,1
随车娘子,1
玉真,1
乩仙,2
琴精,1
珍娘,1
刘清之,2
刘焘,12
田为,7
崔中,1
何锄翁,1
无名氏,1568
衣白山人,1
熊禾,5
叶梦得,103
黄叔达,1
盼盼,1
晁端礼,142
曾肇,1
郑仅,12
蔡京,1
苏琼,1
李元膺,9
吕南公,2
赵顼,1
吕希纯,1
喻陟,1
朱服,1
丁注,1
刘弇,8
时彦,1
廖正一,1
董武子,1
哑女,1
秦观,90
米芾,17
李甲,9
赵令畤,38
晁补之,167
陈师道,54
青幕子妇,1
张耒,9
侯蒙,1
周邦彦,186
陈瓘,24
刘山老,1
邵伯温,2
净端,5
李,6
孔夷,3
孔矩,2
邹浩,2
曾诞,1
李坦然,1
阮阅,6
赵企,2
汪存,1
谢逸,62
夏倪,1
晁冲之,16
苏庠,23
祖可,3
蔡,1
张阁,1
毛滂,204
宇文元质,1
范致虚,1
郑少微,2
李新,4
欧阳辟,1
司马,2
王重,2
某两地,1
王采,12
周纯,4
曹希蕴,2
廖刚,7
赵鼎臣,2
韩嘉彦,1
谢薖,17
沈蔚,22
唐庚,1
惠洪,21
吕颐浩,1
苏过,1
陆蕴,1
谢克家,1
李德载,3
赵子发,17
徐俯,17
王安中,55
张继先,56
赵士,5
江衍,1
周铢,1
王赏,1
李光,14
张生1,1
江纬,1
美奴,2
张扩,2
赵子崧,4
鉴堂,4
梅窗,8
欧阳,1
刘一止,42
汪藻,4
曹组,37
万俟咏,29
徐伸,1
江汉,1
田中行,2
赵温之,3
王庭珪,43
薛式,9
陈克,55
朱敦复,1
朱敦儒,246
孙觌,1
慕容卿妻,1
周紫芝,156
李弥逊,82
王以宁,32
吕渭老,134
林季仲,1
王之道,186
曹勋,183
胡寅,2
吴舜选,1
赵桓,3
刘子翬,4
何大圭,3
胡铨,16
宋先生,22
叶适,1
刘褒,5
章良能,1
熊以宁,3
詹克爱,3
李寅仲,1
张鎡,59
高观国,108
魏了翁,189
吴文英,341
莫将,13
邵博,1
赵佶,14
侯彭老,1
李纲,54
胡舜陟,2
李祁,14
叶祖义,1
左誉,3
吕直夫,1
杨景,1
范智闻,1
蒋元龙,3
周格非,1
程邻,1
何籀,1
廖世美,2
李元卓,1
张方仲,1
查,1
李敦诗,1
康仲伯,1
程过,2
曾,14
张纲,35
李清照,52
吴穆仲,1
杨适2,1
莫蒙,5
李璆,1
韩驹,2
颜博文,2
沈与求,4
陈东,4
姚孝宁,1
胡松年,2
李持正,2
王道亨,1
江致和,1
韩璜,1
李邦献,1
宋齐愈,1
宋江,1
袁,2
连仲宣,1
邢俊臣,6
幼卿,1
蒋氏女,1
蔡楠,6
李久善,2
宝月,8
苏仲及,1
赵耆孙,1
费时举,1
刘均国,1
权无染,5
南山居士,2
郭仲宣,1
邵叔齐,3
李子正,10
房舜卿,2
石耆翁,2
杜安道,1
史远道,1
郭仲循,1
范梦龙,1
薛几圣,1
马咸,1
洪皓,21
蔡伸,175
何,4
郑刚中,1
韩世忠,2
黄大舆,2
王灼,21
陈袭善,2
曾乾曜,1
孙,1
如晦,1
孙舣,1
潘汾,6
李重元,4
李玉,1
吴淑姬1,4
柳富,1
王幼玉,1
李生,1
谭意哥,2
李氏1,1
花仲胤,1
花仲胤妻,2
刘浚,1
施酒监,1
乐婉,1
虞某,1
巴谈,1
杨师纯,2
杨端臣,3
聂胜琼,2
赵才卿,1
任,1
都下妓,1
陈与义,18
杜大中妾,1
刘彤,1
僧儿,1
胡仔,2
王昂,1
谢明远,2
张焘,2
姚述尧1,1
董颖,12
潘良贵,1
董德元,1
冯时行,13
朱松,1
朱翌,3
陈康伯,2
欧阳澈,7
曾惇,1
张表臣,2
吴亿,2
刘袤,1
李鼐,10
杨无咎,177
俞处,1
岳飞,3
邵缉,1
吴芾,1
孙道绚,8
何蓑衣道人,1
陆凝之,3
史浩,182
仲并,35
赵构,15
崔若砺,1
高登,12
闻人武子,1
关注,3
李石,39
康与之,43
曾觌,104
黄公度,15
黄童,1
倪偁,33
王之望,26
葛立方,39
魏杞,2
陈知柔,1
王识,1
许庭,5
邵某,1
陈祖安,1
王十朋,20
刘大辨,1
吴淑姬2,1
程先,1
朱耆寿,1
石安民,1
刘镇1,2
魏掞之,1
曾协,14
郑庶,1
曾逮,1
王炎1,2
毛并,42
洪适,134
韩元吉,82
黄宰,1
朱淑真,25
张抡,122
侯置,96
赵彦端,158
王千秋,73
李吕,18
陈从古,1
姚宽,5
刘珙,1
黄格,1
汤思退,1
张仲宇,1
李流谦,25
洪迈,6
赵缩手,1
张风子,1
张珍奴,1
洪惠英,1
何作善,1
刘之翰,1
周某,1
太学诸生,1
仪珏,1
袁去华,99
朱雍,20
晁公武,1
林仰,1
邵伯雍,1
黄中辅,2
郑闻,1
曹冠,63
葛郯,30
姚述尧2,69
石敦夫,1
甄龙友,4
范端臣,2
韦能谦,1
耿时举,4
管鉴,68
吴儆,29
陆游,145
唐婉,1
陆游妾某氏,1
贾逸祖,1
蜀妓,1
姜特立,21
周必大,17
周辉,2
沈瀛,90
杨万里,8
某教授,1
陈居仁,1
李洪,11
李漳,6
李泳,3
李洤,2
李淛,3
朱熹,19
黄铢,3
高宣教,1
严蕊,3
晦庵,1
徐逸,1
沈端节,45
韩仙姑,1
周颉,1
王彭年,1
李伯虎,1
丘崈,81
朱晞颜,1
吕胜己,92
唐致政,1
楼锷,1
林外,1
梁安世,1
黄岩叟,1
富ノ,1
邵怀英,1
赵长卿,339
罗愿,2
楼钥,4
张良臣,3
舒邦佐,1
张孝忠,8
方有开,2
许及之,1
傅大询,5
刘德秀,1
吴镒,2
杨冠卿,36
崔敦诗,2
赵汝愚,1
赵善扛,14
赵善括,49
程垓,157
虞俦,2
徐似道,5
徐安国,4
黄人杰,48
蔡戡,3
何澹,5
陈三聘,72
石孝友,154
韩玉,28
熊良翰,1
熊可量,1
熊上达,1
苏十能,1
朱景文,1
欧阳光祖,2
罗椿,1
游九言,4
刘光祖,11
何师心,1
赵蕃,3
何令修,1
马子严,29
赵师侠,154
陈亮,74
杨炎正,38
俞灏,1
连久道,1
赵师,1
刘过,78
蔡幼学,1
卢炳,63
姜夔,87
汪莘,68
曹彦约,1
张潞,1
崔与之,2
吴琚,6
刘翰,7
杜,3
刘仙伦,31
杜旃,1
韩彦古,1
张祥,1
张履信,2
赵昂,1
徐,2
郭应祥,129
李壁,10
胡惠斋,2
谢直,1
高似孙,4
易祓,3
易祓妻,1
章斯才,2
危稹,3
王居安,2
王克勤,1
锺将之,3
吴礼之,20
陈善,1
丁黼,1
俞国宝,14
徐冲渊,1
李好义,2
程准,1
高翥,2
高惟月,1
彭叔夏,1
应,1
吴康,2
汪,13
虞刚简,1
张拭,1
赵希明,1
程珌,43
朱用之,1
厉元范,1
郑域,11
王澡,2
赵希,1
戴复古,46
戴复古妻,1
李子酉,1
徐梦龙,1
赵扩,1
方信孺,1
龚大明,6
陈楠,11
史弥巩,1
徐鹿卿,12
邹应龙,6
邹应博,3
黄某,1
叶秀发,1
李刘,11
郑清之,1
陈鹄,1
李仲虺,1
黄简,3
陈耆卿,2
林表民,1
薛师石,7
史达祖,112
李从周,10
卢祖皋,96
孙居敬,8
郑梦协,1
真德秀,1
留元刚,1
熊节,1
范炎,1
汪相如,1
张敬斋,1
徐照,5
可旻,20
净圆,12
刘学箕,38
林正大,41
洪咨夔,44
赵与洽,2
李致远,1
张琳,1
邬虑,1
冯熔,1
刘镇2,26
张侃,4
曾揆,5
曹豳,2
周文璞,2
王武子,2
魏子敬,1
韩,6
卓田,7
锦溪,3
李仲光,3
孙惟信,11
张端义,2
卫元卿,2
彭止,2
李铨,1
王大烈,2
程公许,3
包恢,1
岳甫,2
岳珂,8
朱藻,1
陈以庄,3
苏,2
许,1
王迈,19
叶路钤,2
曾开国,1
彭耜,3
赵葵,1
方味道,1
黄机,96
严羽,2
严仁,30
严参,2
张辑,44
苏茂一,3
史愚,1
赵灌园,1
葛长庚,135
刘克庄,269
蒋捷,99
陈德武,65
赵癯斋,1
程正同,5
阳枋,2
周端臣,9
赵福元,5
李亿,3
刘颉,1
冯取洽,24
赵以夫,68
郑觉斋,3
张榘,50
刘克逊,1
王广文,1
宋自道,1
宋自逊,7
黄载,5
王平子,1
俞文豹,1
赵希迈,2
吴渊,6
曾寓轩,2
吴淇,1
杜东,1
赵汝迕,1
楼采,8
雷应春,2
包荣父,1
游文仲,1
刘清夫,5
祝穆,2
周文谟,1
李好古1,14
阮秀实,1
刘子寰,19
姚镛,1
尹焕,3
夏元鼎,30
王野,3
哀长吉,6
黄师参,1
李义山,1
牟子才,1
戴翼,2
徐经孙,5
冯去非,3
熊大经,1
张□□,1
赵某,1
翁定,1
留元崇,1
沈刚孙,1
王澜,1
吴潜,256
方君遇,1
平江妓,1
陈垲,1
淮上女,1
黄孝迈,4
吴千能,1
史隽之,1
张友仁,1
王柏,1
刘震孙,1
周晋,3
曾原一,3
赵希囿,1
江万里,1
萧廷之,24
朱涣,2
周弼,2
黄时龙,3
陈云,2
陈东甫,3
黄中,1
李曾伯,202
郑熏初,4
余,1
赵崇嶓,20
方岳,79
楼,2
徐宝之,4
祖吴,2
周申,2
赵汝腾,1
赵孟坚,11
赵崇霄,1
马光祖,1
李南金,1
萧,3
萧泰来,2
马天骥,1
黎道静,1
黄判院,1
薛泳,1
徐元杰,1
国学生,1
陆叡,3
史可堂,2
陈诜,1
余桂英,1
曾原郕,2
许棐,20
陈策,2
李昴英,30
翁元龙,20
翁孟寅,5
万俟绍之,4
丁宥,4
周氏,1
潘牥,5
赵希��,1
赵希□,1
孙吴会,1
赵溍,2
刘澜,4
魏庭玉,2
李霜涯,1
王谌,7
厉寺正,1
施枢,3
储泳,2
刘子实,2
翁合,2
王庚,1
黄铸,2
李宏模,1
杨子咸,1
太学士人,1
李之问,1
吴敏德,1
郭子正,3
鄱阳护…,1
尹词客,2
王氏,1
虞㠭,1
洪瑹,16
楼枎,3
章谦亨,9
王同祖,3
杨伯,1
李彭老,22
李莱老,17
黄应武,1
如愚居士,1
林革,1
曾宏正,1
吴景伯,1
邓有功,2
李振祖,1
汤恢,9
李演,7
卫宗武,11
李敬则,1
吴益,1
利登,13
吴势卿,1
刘浩,1
赵希汰,1
徐俨夫,1
陈合,1
李芸子,1
张韫,1
游子西,1
施乘之,1
周济川,1
应次蘧,1
李璮,1
黄升,39
杨泽民,91
陈郁,4
冯伟寿,6
陈无咎,1
陈草阁,1
徐介轩,1
章耐轩,1
昭顺老人,1
陈舜翁,1
洪子大,1
郑子玉,1
文珏,1
顾卞,1
陈景沂,3
松洲,1
韩准,1
王云焕,1
王淮,1
叶润,1
张杜,1
王泳祖,1
刘天游,1
柴望,13
王玉,1
张桂,2
张枢,12
叶隆礼,1
家铉翁,3
石正伦,4
陈著,122
赵与,1
王义山,30
刘云甫,1
龚日升,1
陈若水,1
胡翼龙,13
刘之才,6
萧汉杰,4
罗椅,4
徐霖,1
朱埴,3
张绍文,4
杨缵,3
史铸,1
林洪,1
吴大有,1
金淑柔,1
陈人杰,31
毛珝,2
张矩,12
吴申,1
姚勉,32
陈允平,209
胡仲弓,1
施岳,6
薛梦桂,4
潘希白,1
文及翁,2
李珏,2
钟过,1
谭方平,1
马廷鸾,5
李仁本,3
谢枋得,1
莫起炎,1
牟巘,9
徐理,1
吴季子,2
何梦桂,47
赵必,1
林自然,2
奚岊,10
赵闻礼,14
叶阊,1
杜良臣,1
曹邍,6
郑雪岩,1
赵汝,9
谭宣子,13
薛燧,1
杨韶父,3
史深,3
丁默,3
曾栋,2
江开,4
戴平之,1
王□□,1
程武,3
王月山,1
王万之,1
钱宀孙,1
陈璧,1
赵时奚,4
向希尹,2
萧元之,3
陈成之,1
王师锡,1
赵时行,1
郭□□,1
王大简,2
刘菊房,1
杜龙沙,4
王苍,1
宋德广,1
李好古2,1
黄廷,5
黄廷璹,1
陈坦之,4
张艾,3
徐□,1
施翠岩,2
续雪谷,3
荣樵仲,1
陆象泽,1
鞠华翁,2
曾晞颜,1
曾颜,1
朱子厚,2
刘辰翁,354
吴蒙庵,1
颜奎,8
尹济翁,5
郑楷,1
赵淇,1
张磐,2
张林,2
曹良史,1
赵与仁,5
陈逢辰,2
史介翁,1
何光大,1
应法孙,2
王亿之,1
王茂孙,2
朱孙,1
郑斗焕,1
蜀中妓,1
周容,1
张涅,1
周密,153
林式之,1
王奕,27
蒲寿宬,18
吴龙翰,1
朱嗣发,1
陈达叟,2
文天祥,8
邓剡,13
刘鉴,2
翁,1
王洧,1
汪梦斗,6
彭元逊,20
方衡,1
郭居安,2
赵从橐,1
廖莹中,2
丁察院,1
黄右曹,1
翁溪园,5
倪君,1
杨佥判,1
萧某,1
赵文,31
赵功可,8
汪宗臣,4
刘埙,30
王清观,1
熊则轩,1
阮溪,1
危西麓,1
汪元量,58
王学文,1
王清惠,1
章丽贞,1
袁正真,1
金德淑,1
连妙淑,1
黄静淑,1
陶明淑,1
柳华淑,1
杨慧淑,1
华清淑,1
梅顺淑,1
吴昭淑,1
周容淑,1
吴淑真,1
张琼英,1
詹玉,13
王沂孙,68
黄公绍,30
彭履道,3
韦居安,1
柴元彪,8
东冈,1
范文,1
叶李,1
梁栋,3
莫,5
姚云文,9
赵必□,27
赵必��,4
黎廷瑞,32
李震,1
陈纪,6
仇远,120
董嗣杲,2
高远,1
杨均,3
胡幼黄,1
詹无咎,2
王槐建,1
刘应李,1
王梦应,5
孙锐,2
李琳,3
醴陵士人,1
褚生,2
徐君宝妻,2
刘氏,1
无闻翁,1
杨氏,2
张淑芳,3
王易简,7
冯应瑞,1
唐艺孙,3
吕同老,4
李居仁,2
唐珏,4
赵汝钠,1
曹稆孙,1
林横舟,1
杨舜举,1
危复之,1
罗志仁,7
曾寅孙,1
沈钦,1
刘沆,1
止禅师,1
韩信同,1
王炎午,1
徐瑞,1
王去疾,1
刘将孙,21
陈恕可,4
陈深,7
刘铉,3
梁明夫,1
梅坡,4
徐观国,1
某邑妓,1
阮郎中,1
吴某,5
俞克成,1
胡浩然,5
宋丰之,1
孙夫人,1
陈若晦,1
徐一初,1
吴叔,1
陈彦章妻,1
郑文妻,1
刘鼎臣妻,1
张任国,1
福建士子,1
钟辰翁,2
萧仲芮,1
陈士豪,1
赵通判,1
赵汝恂,1
石麟,5
黄通判,1
高子芳,2
萧仲,1
熊德修,1
范飞,1
程和仲,1
咏槐,1
陈梦协,1
王绍,1
程节斋,9
张仲殊,1
吴氏2,1
吴编修,3
赵龙图,1
竹林亭长,1
杨樵云,3
刘应雄,1
曾隶,1
黄水村,1
姜个翁,1
彭芳远,1
戴山隐,1
李裕翁,1
龙端是,1
萧东父,1
王从叔,5
吴元可,4
李太古,5
黄子行,6
龙紫蓬,1
萧允之,6
段宏章,1
刘贵翁,1
黄霁宇,1
刘天迪,6
张半湖,2
刘景翔,4
周伯阳,2
尹公远,2
李天骥,1
刘应几,1
周孚先,3
彭泰翁,3
曾允元,4
朱元夫,2
邵桂子,4
彭子翔,6
百兰,3
丁持正,1
李石才,1
魏顺之,1
伍梅城,6
丁几仲,1
禅峰,1
刘涧谷,1
游稚仙,1
李团湖,1
黄诚之,1
熊子默,1
陈惟哲,1
欧阳朝阳,1
碧虚,1
彭正大,1
叶巽斋,1
铁笔翁,1
刘性初,1
刘学颜,1
江史君,1
徐架阁,1
立斋,1
黄革,1
陈潜心,1
罗子,1
刘公子,1
三槐,1
程东湾,1
张倅,1
胡德芳,1
赵宰,1
张宰,1
梁大年,2
鼓峰,1
程霁岩,2
翠微翁,1
菊翁,1
赵佥判,1
李慧之,1
留晚香,1
杨守,1
草夫人,1
游慈,1
静山,2
刘守,1
逸民,1
无何有翁,1
任翔龙,1
程梅斋,1
刘省斋,1
刘仁父,1
刘南翁,1
勿翁,1
李君行,1
赋梅,1
易少夫人,2
胡平仲,2
曹遇,5
白君瑞,5
贾应,1
杨元亨,1
林实之,1
刘源,1
曾中思,1
黄子功,1
张嗣初,1
沈明叔,1
寇寺丞,1
苏小小,1
李秀兰,1
胡夫人,1
窦夫人,1
王娇姿,1
洛阳女,1
丁羲叟,1
陶氏,1
吴奕,1
杨太尉,1
李子申,1
闾丘次杲,1
危昂霄,1
万某,1
蔡士裕,2
覃怀高,1
巴州守,1
江无□,1
韦庄,1
梁意娘,2
越娘,1
张师师,1
钱安安,1
张商英,2
徐都尉,1
崔木,2
黄舜英,1
贾奕,1
窃杯女子,2
刘,1
善珍,3
李彭,10
无际道人,1
毕大节,2
庞籍,1
周起,1
杨绘,1
吴淑虎,1
吴叔虎,1
张伯寿,7
曹宰,3
王子容,3
叶景山,4
李商英,7
马伯升,3
严抑,1
沈长卿,1
张浚,1
鲁,1
鮦阳居士,1
李朴,1
温镗,4
芮烨,1
傅自得,1
芮辉,2
刘季裴,1
徐叔至,2
□阳,1
赵彦逾,1
卫时敏,2
高伯达,3
郝子直,2
何得之,1
徐明仲,2
陈之贤,2
丁求安,2
赵师律,3
赵师严,1
沈伯文,1
钱处仁,2
李焕,2
林伯镇,3
王涣,1
陈敷,1
甄良友,6
郑元秀,2
周云,2
王孝严,1
陈晔,4
邵元实,1
卑叔文,1
臧鲁子,3
陈秉文,1
谈羲仲,2
王高,2
江袤,1
华岳,18
赵希蓬,18
程伯春,1
赵良玉,1
赵孟谦,1
张明中,1
张埴,1
丁无悔,2
杨再可,1
刘仲讷,1
蒋思恭,2
张成可,1
丁仲远,1
真知柔,1
张时甫,2
李朝卿,8
谈元范,1
倪翼周,4
段倚,1
贺及,1
傅伯达,1
郑达可,2
臧馀庆,3
